{"name":"a7d0a63b-c27b-401a-9160-3ab2a2780b71","id":"/providers/Microsoft.Flow/flows/a7d0a63b-c27b-401a-9160-3ab2a2780b71","type":"Microsoft.Flow/flows","properties":{"apiId":"/providers/Microsoft.PowerApps/apis/shared_logicflows","displayName":"AGI - UAT - INTRANET - Create Social Media Posts","definition":{"metadata":{"workflowEntityId":null,"processAdvisorMetadata":null,"flowclientsuspensionreason":"None","flowclientsuspensiontime":null,"flowclientsuspensionreasondetails":null,"creator":{"id":"815462aa-aae8-42f8-b1cf-76e1d01cc236","type":"User","tenantId":"38a3f678-5fe7-4dbb-8eb9-eee7a0c6fd57"},"provisioningMethod":"FromDefinition","failureAlertSubscription":true,"clientLastModifiedTime":"2022-10-31T09:14:25.4629186Z"},"$schema":"https://schema.management.azure.com/providers/Microsoft.Logic/schemas/2016-06-01/workflowdefinition.json#","contentVersion":"1.0.0.0","parameters":{"$connections":{"defaultValue":{},"type":"Object"},"$authentication":{"defaultValue":{},"type":"SecureObject"}},"triggers":{"When_an_item_is_created_or_modified":{"recurrence":{"frequency":"Minute","interval":1},"splitOn":"@triggerOutputs()?['body/value']","metadata":{"operationMetadataId":"d8ae0c04-400e-4574-9f9e-b05bede20107"},"type":"OpenApiConnection","inputs":{"host":{"apiId":"/providers/Microsoft.PowerApps/apis/shared_sharepointonline","connectionName":"shared_sharepointonline","operationId":"GetOnUpdatedItems"},"parameters":{"dataset":"https://aginvestment.sharepoint.com/sites/AGIIntranetUAT","table":"Site Pages"},"authentication":"@parameters('$authentication')"}}},"actions":{"Condition":{"actions":{"Create_item":{"runAfter":{},"metadata":{"operationMetadataId":"0f1b2096-1e87-4ed4-9084-54031fc94690"},"type":"OpenApiConnection","inputs":{"host":{"apiId":"/providers/Microsoft.PowerApps/apis/shared_sharepointonline","connectionName":"shared_sharepointonline","operationId":"PostItem"},"parameters":{"dataset":"https://aginvestment.sharepoint.com/sites/AGIIntranetUAT","table":"ec4d404a-0a31-43a2-9ca4-ef3e0194c46c","item/Title":"@triggerOutputs()?['body/Title']","item/Description":"@triggerOutputs()?['body/Description']","item/PostUrl":"@triggerOutputs()?['body/{Link}']","item/ThumbnailURL":"@triggerOutputs()?['body/BannerImageUrl']"},"authentication":"@parameters('$authentication')"}},"Delete_item":{"runAfter":{"Create_item":["Succeeded"]},"metadata":{"operationMetadataId":"46fd3066-bd75-4a97-acda-33e2082c5150"},"type":"OpenApiConnection","inputs":{"host":{"apiId":"/providers/Microsoft.PowerApps/apis/shared_sharepointonline","connectionName":"shared_sharepointonline","operationId":"DeleteItem"},"parameters":{"dataset":"https://aginvestment.sharepoint.com/sites/AGIIntranetUAT","table":"Site Pages","id":"@triggerOutputs()?['body/ID']"},"authentication":"@parameters('$authentication')"}}},"runAfter":{},"expression":{"equals":["@triggerOutputs()?['body/PromotedState']",2]},"metadata":{"operationMetadataId":"51c06b98-78a1-4084-be3c-dffd06c6bd3c"},"type":"If"}}},"connectionReferences":{"shared_sharepointonline":{"connectionName":"shared-sharepointonl-11892d0b-4733-4458-a5b3-fffaf89ec246","source":"Embedded","id":"/providers/Microsoft.PowerApps/apis/shared_sharepointonline","tier":"NotSpecified"}},"flowFailureAlertSubscribed":false,"isManaged":false}}