{"name":"c1b31715-9c6c-4558-905e-a27583bf5849","id":"/providers/Microsoft.Flow/flows/c1b31715-9c6c-4558-905e-a27583bf5849","type":"Microsoft.Flow/flows","properties":{"apiId":"/providers/Microsoft.PowerApps/apis/shared_logicflows","displayName":"AGI - UAT- INTRANET - Snap and Share Approval","definition":{"metadata":{"workflowEntityId":null,"processAdvisorMetadata":null,"flowclientsuspensionreason":"None","flowclientsuspensiontime":null,"flowclientsuspensionreasondetails":null,"creator":{"id":"815462aa-aae8-42f8-b1cf-76e1d01cc236","type":"User","tenantId":"38a3f678-5fe7-4dbb-8eb9-eee7a0c6fd57"},"provisioningMethod":"FromDefinition","failureAlertSubscription":true,"clientLastModifiedTime":"2022-09-07T05:44:27.9944848Z"},"$schema":"https://schema.management.azure.com/providers/Microsoft.Logic/schemas/2016-06-01/workflowdefinition.json#","contentVersion":"1.0.0.0","parameters":{"$connections":{"defaultValue":{},"type":"Object"},"$authentication":{"defaultValue":{},"type":"SecureObject"}},"triggers":{"When_a_file_is_created_in_a_folder":{"recurrence":{"frequency":"Minute","interval":1},"metadata":{"%252fSnapAndShare":"/SnapAndShare","operationMetadataId":"09c3564a-13d1-4afa-b8a9-81255faa5b76"},"type":"OpenApiConnection","inputs":{"host":{"apiId":"/providers/Microsoft.PowerApps/apis/shared_sharepointonline","connectionName":"shared_sharepointonline","operationId":"OnNewFile"},"parameters":{"dataset":"https://aginvestment.sharepoint.com/sites/AGIIntranetUAT","folderId":"%252fSnapAndShare","inferContentType":true},"authentication":"@parameters('$authentication')"}}},"actions":{"Initialize_variable_-_Approvers_Array":{"runAfter":{},"metadata":{"operationMetadataId":"34d98e3a-433b-4471-a803-81082d363003"},"type":"InitializeVariable","inputs":{"variables":[{"name":"ApproversArray","type":"array"}]}},"Get_items":{"runAfter":{"Send_an_email_(V2)_-_acknowledgement":["Succeeded"]},"metadata":{"operationMetadataId":"1f965622-4eff-4bb9-8889-064745bdee77"},"type":"OpenApiConnection","inputs":{"host":{"apiId":"/providers/Microsoft.PowerApps/apis/shared_sharepointonline","connectionName":"shared_sharepointonline","operationId":"GetItems"},"parameters":{"dataset":"https://aginvestment.sharepoint.com/sites/AGIIntranetUAT","table":"30285870-7c4c-473d-918b-3a03a079b995","$filter":"Title eq 'SnapAndShare'"},"authentication":"@parameters('$authentication')"}},"Initialize_variable_-_Approvers":{"runAfter":{"Initialize_variable_-_Approvers_Array":["Succeeded"]},"metadata":{"operationMetadataId":"39f7f07a-699b-40e5-903c-e6d84dff31dd"},"type":"InitializeVariable","inputs":{"variables":[{"name":"Approvers","type":"string"}]}},"Apply_to_each_-_Config_Item":{"foreach":"@outputs('Get_items')?['body/value']","actions":{"Apply_to_each":{"foreach":"@items('Apply_to_each_-_Config_Item')?['Approvers']","actions":{"Append_to_array_variable_-_Approvers_Array":{"runAfter":{},"metadata":{"operationMetadataId":"ee717258-31a7-4700-94f3-6665f3307b3c"},"type":"AppendToArrayVariable","inputs":{"name":"ApproversArray","value":"@items('Apply_to_each')?['Email']"}}},"runAfter":{},"metadata":{"operationMetadataId":"6d139971-77fd-425f-8a79-9125f4596704"},"type":"Foreach"}},"runAfter":{"Get_items":["Succeeded"]},"metadata":{"operationMetadataId":"ec01cc5a-9712-4a59-a128-9a50ab843611"},"type":"Foreach"},"Set_variable_-_Approvers":{"runAfter":{"Apply_to_each_-_Config_Item":["Succeeded"]},"metadata":{"operationMetadataId":"e9eeac52-4d95-4d4c-ba0e-cbf781587f43"},"type":"SetVariable","inputs":{"name":"Approvers","value":"@{join(variables('ApproversArray'), ';')}"}},"Start_and_wait_for_an_approval":{"runAfter":{"Set_variable_-_Approvers":["Succeeded"]},"metadata":{"operationMetadataId":"092fa544-7c70-4bd8-b465-7907e37c6c42"},"type":"OpenApiConnectionWebhook","inputs":{"host":{"apiId":"/providers/Microsoft.PowerApps/apis/shared_approvals","connectionName":"shared_approvals","operationId":"StartAndWaitForAnApproval"},"parameters":{"approvalType":"Basic","WebhookApprovalCreationInput/title":"Snap and Share - Image Review","WebhookApprovalCreationInput/assignedTo":"@{variables('Approvers')};","WebhookApprovalCreationInput/details":"Kindly review the image.\n\n| Image Detail| Submitted By | Submitted Date |\n| ----------- | :-----------: | -----------: |  \n| @{outputs('Get_file_properties')?['body/ImageDescription']} | @{variables('UserName')} | @{formatDateTime(outputs('Get_file_properties')?['body/Created'], 'dd/MMM/yyyy')} |\n","WebhookApprovalCreationInput/itemLink":"@outputs('Get_file_properties')?['body/{Link}']","WebhookApprovalCreationInput/enableNotifications":true,"WebhookApprovalCreationInput/enableReassignment":true},"authentication":"@parameters('$authentication')"}},"Condition":{"actions":{"Send_an_email_(V2)_-_Approved":{"runAfter":{},"metadata":{"operationMetadataId":"b1845fb3-0b1a-4d1e-91e0-af7722c9b69d"},"type":"OpenApiConnection","inputs":{"host":{"apiId":"/providers/Microsoft.PowerApps/apis/shared_office365","connectionName":"shared_office365","operationId":"SendEmailV2"},"parameters":{"emailMessage/To":"@variables('UserEmail')","emailMessage/Subject":"Image Approval - Approved","emailMessage/Body":"<p>Hi @{variables('UserName')},<br>\n<br>\nYour image has been approved by the Snap and Share team. You can view your image in the Snap and Share listing page.<br>\n<br>\nhttps://aginvestment.sharepoint.com/sites/AGIIntranetDev/SitePages/Snap and Share.aspx<br>\n<br>\n<br>\n</p>","emailMessage/Importance":"Normal"},"authentication":"@parameters('$authentication')"}},"Update_file_properties":{"runAfter":{"Send_an_email_(V2)_-_Approved":["Succeeded"]},"metadata":{"operationMetadataId":"6d5b1eac-64ba-4a75-a10c-c0f9a78c7984"},"type":"OpenApiConnection","inputs":{"host":{"apiId":"/providers/Microsoft.PowerApps/apis/shared_sharepointonline","connectionName":"shared_sharepointonline","operationId":"PatchFileItem"},"parameters":{"dataset":"https://aginvestment.sharepoint.com/sites/AGIIntranetUAT","table":"69d24534-0452-4b8e-9221-c98bcd6b7809","id":"@outputs('Get_file_properties')?['body/ID']","item/ApprovalStatus/Value":"Approved","item/ApproverComments":"@first(outputs('Start_and_wait_for_an_approval')?['body/responseSummary'])"},"authentication":"@parameters('$authentication')"}}},"runAfter":{"Start_and_wait_for_an_approval":["Succeeded"]},"else":{"actions":{"Send_an_email_(V2)_-_Rejected":{"runAfter":{},"metadata":{"operationMetadataId":"09268d7d-4e0f-49e3-8e93-7d0abc0ed2ca"},"type":"OpenApiConnection","inputs":{"host":{"apiId":"/providers/Microsoft.PowerApps/apis/shared_office365","connectionName":"shared_office365","operationId":"SendEmailV2"},"parameters":{"emailMessage/To":"@variables('UserEmail')","emailMessage/Subject":"Image Approval - Rejected","emailMessage/Body":"<p>Hi @{variables('UserName')},<br>\n<br>\nYour image has been rejected by the Snap and Share team as it doesn't comply with the corporate standards.<br>\n<br>\nApprover Comments:<br>\n<br>\n@{first(outputs('Start_and_wait_for_an_approval')?['body/responseSummary'])}<br>\n<br>\n<br>\n</p>","emailMessage/Importance":"Normal"},"authentication":"@parameters('$authentication')"}},"Update_file_properties_-_Rejected":{"runAfter":{"Send_an_email_(V2)_-_Rejected":["Succeeded"]},"metadata":{"operationMetadataId":"406c2135-f968-49bd-a998-097eb67539d9"},"type":"OpenApiConnection","inputs":{"host":{"apiId":"/providers/Microsoft.PowerApps/apis/shared_sharepointonline","connectionName":"shared_sharepointonline","operationId":"PatchFileItem"},"parameters":{"dataset":"https://aginvestment.sharepoint.com/sites/AGIIntranetUAT","table":"69d24534-0452-4b8e-9221-c98bcd6b7809","id":"@outputs('Get_file_properties')?['body/ID']","item/ApprovalStatus/Value":"Rejected","item/ApproverComments":"@first(outputs('Start_and_wait_for_an_approval')?['body/responseSummary'])"},"authentication":"@parameters('$authentication')"}}}},"expression":{"equals":["@outputs('Start_and_wait_for_an_approval')?['body/outcome']","Approve"]},"metadata":{"operationMetadataId":"66394a7e-82a3-4098-ab4a-ddf539ec95fb"},"type":"If"},"Initialize_variable_-_File_Identifier":{"runAfter":{"Initialize_variable_-_Approvers":["Succeeded"]},"metadata":{"operationMetadataId":"40593b71-6c03-4604-8200-de111f514d52"},"type":"InitializeVariable","inputs":{"variables":[{"name":"FileIdentifier","type":"string"}]}},"Initialize_variable_-_UserName":{"runAfter":{"Initialize_variable_-_File_Identifier":["Succeeded"]},"metadata":{"operationMetadataId":"e02e021b-b054-42f1-b4d8-3bcdbf901145"},"type":"InitializeVariable","inputs":{"variables":[{"name":"UserName","type":"string"}]}},"Initialize_variable_-_UserEmail":{"runAfter":{"Initialize_variable_-_UserName":["Succeeded"]},"metadata":{"operationMetadataId":"ffae6c0e-0069-4cf4-8e02-02f45e3fdd61"},"type":"InitializeVariable","inputs":{"variables":[{"name":"UserEmail","type":"string"}]}},"Set_variable_-_UserName":{"runAfter":{"Get_file_properties":["Succeeded"]},"metadata":{"operationMetadataId":"8efe8a1a-87b9-4d3b-82a9-4296a5b221ae"},"type":"SetVariable","inputs":{"name":"UserName","value":"@outputs('Get_file_properties')?['body/Author/DisplayName']"}},"Set_variable_-_UserEmail":{"runAfter":{"Set_variable_-_UserName":["Succeeded"]},"metadata":{"operationMetadataId":"c4b45edb-1e04-4551-8da0-217108802516"},"type":"SetVariable","inputs":{"name":"UserEmail","value":"@outputs('Get_file_properties')?['body/Author/Email']"}},"Send_an_email_(V2)_-_acknowledgement":{"runAfter":{"Set_variable_-_FileIdentifier":["Succeeded"]},"metadata":{"operationMetadataId":"007f6eaa-6c2a-449e-8fff-fbe8d2f39d4c"},"type":"OpenApiConnection","inputs":{"host":{"apiId":"/providers/Microsoft.PowerApps/apis/shared_office365","connectionName":"shared_office365","operationId":"SendEmailV2"},"parameters":{"emailMessage/To":"@variables('UserEmail')","emailMessage/Subject":"Snap and Share - Acknowledgement","emailMessage/Body":"<p>Hi @{variables('UserName')},<br>\n<br>\nYour image has been submitted and sent for approval to the Snap and Share team.&nbsp;</p>","emailMessage/Importance":"Normal"},"authentication":"@parameters('$authentication')"}},"Get_file_metadata":{"runAfter":{"Initialize_variable_-_UserEmail":["Succeeded"]},"metadata":{"operationMetadataId":"af67b273-9318-48c3-ade3-2b06c79e6b3c"},"type":"OpenApiConnection","inputs":{"host":{"apiId":"/providers/Microsoft.PowerApps/apis/shared_sharepointonline","connectionName":"shared_sharepointonline","operationId":"GetFileMetadata"},"parameters":{"dataset":"https://aginvestment.sharepoint.com/sites/AGIIntranetUAT","id":"@triggerOutputs()?['headers/x-ms-file-id']"},"authentication":"@parameters('$authentication')"}},"Get_file_properties":{"runAfter":{"Get_file_metadata":["Succeeded"]},"metadata":{"operationMetadataId":"20c9665e-179d-42ce-b4ec-8ec370e8d197"},"type":"OpenApiConnection","inputs":{"host":{"apiId":"/providers/Microsoft.PowerApps/apis/shared_sharepointonline","connectionName":"shared_sharepointonline","operationId":"GetFileItem"},"parameters":{"dataset":"https://aginvestment.sharepoint.com/sites/AGIIntranetUAT","table":"69d24534-0452-4b8e-9221-c98bcd6b7809","id":"@outputs('Get_file_metadata')?['body/ItemId']"},"authentication":"@parameters('$authentication')"}},"Set_variable_-_FileIdentifier":{"runAfter":{"Set_variable_-_UserEmail":["Succeeded"]},"metadata":{"operationMetadataId":"5840261e-b07c-4f12-8ecd-245c3785a73a"},"type":"SetVariable","inputs":{"name":"FileIdentifier","value":"@{outputs('Get_file_properties')?['body/ID']}"}}}},"connectionReferences":{"shared_sharepointonline":{"connectionName":"shared-sharepointonl-11892d0b-4733-4458-a5b3-fffaf89ec246","source":"Embedded","id":"/providers/Microsoft.PowerApps/apis/shared_sharepointonline","tier":"NotSpecified"},"shared_approvals":{"connectionName":"shared-approvals-19fa885c-174a-4170-b71d-6f2b4301c9dc","source":"Embedded","id":"/providers/Microsoft.PowerApps/apis/shared_approvals","tier":"NotSpecified"},"shared_office365":{"connectionName":"shared-office365-6787bff7-a704-435e-bd2c-31dab4861173","source":"Embedded","id":"/providers/Microsoft.PowerApps/apis/shared_office365","tier":"NotSpecified"}},"flowFailureAlertSubscribed":false,"isManaged":false}}