{"name":"a7d0a63b-c27b-401a-9160-3ab2a2780b71","id":"/providers/Microsoft.Flow/flows/a7d0a63b-c27b-401a-9160-3ab2a2780b71","type":"Microsoft.Flow/flows","properties":{"apiId":"/providers/Microsoft.PowerApps/apis/shared_logicflows","displayName":"AGI - UAT - INTRANET - Create Social Media Posts","definition":{"metadata":{"workflowEntityId":null,"processAdvisorMetadata":null,"flowclientsuspensionreason":"None","flowclientsuspensiontime":null,"flowclientsuspensionreasondetails":null,"creator":{"id":"815462aa-aae8-42f8-b1cf-76e1d01cc236","type":"User","tenantId":"38a3f678-5fe7-4dbb-8eb9-eee7a0c6fd57"},"provisioningMethod":"FromDefinition","failureAlertSubscription":true,"clientLastModifiedTime":"2022-11-04T06:12:52.3017423Z"},"$schema":"https://schema.management.azure.com/providers/Microsoft.Logic/schemas/2016-06-01/workflowdefinition.json#","contentVersion":"1.0.0.0","parameters":{"$connections":{"defaultValue":{},"type":"Object"},"$authentication":{"defaultValue":{},"type":"SecureObject"}},"staticResults":{"Delete_item0":{"status":"Succeeded","outputs":{"statusCode":"OK","headers":{}}}},"triggers":{"When_an_item_is_created_or_modified":{"recurrence":{"frequency":"Minute","interval":1},"splitOn":"@triggerOutputs()?['body/value']","metadata":{"operationMetadataId":"27f476d8-07a5-40d1-b1f1-1795c2019931"},"type":"OpenApiConnection","inputs":{"host":{"apiId":"/providers/Microsoft.PowerApps/apis/shared_sharepointonline","connectionName":"shared_sharepointonline","operationId":"GetOnUpdatedItems"},"parameters":{"dataset":"https://aginvestment.sharepoint.com/sites/AGIIntranetUAT","table":"Site Pages"},"authentication":"@parameters('$authentication')"}}},"actions":{"Condition":{"actions":{"Delete_item":{"runAfter":{"Create_item":["Succeeded"]},"metadata":{"operationMetadataId":"46fd3066-bd75-4a97-acda-33e2082c5150"},"type":"OpenApiConnection","inputs":{"host":{"apiId":"/providers/Microsoft.PowerApps/apis/shared_sharepointonline","connectionName":"shared_sharepointonline","operationId":"DeleteItem"},"parameters":{"dataset":"https://aginvestment.sharepoint.com/sites/AGIIntranetUAT","table":"Site Pages","id":"@triggerOutputs()?['body/ID']"},"authentication":"@parameters('$authentication')"},"runtimeConfiguration":{"staticResult":{"staticResultOptions":"Disabled","name":"Delete_item0"}}},"Create_item":{"runAfter":{"Set_variable":["Succeeded"]},"metadata":{"operationMetadataId":"0f1b2096-1e87-4ed4-9084-54031fc94690"},"type":"OpenApiConnection","inputs":{"host":{"apiId":"/providers/Microsoft.PowerApps/apis/shared_sharepointonline","connectionName":"shared_sharepointonline","operationId":"PostItem"},"parameters":{"dataset":"https://aginvestment.sharepoint.com/sites/AGIIntranetUAT","table":"ec4d404a-0a31-43a2-9ca4-ef3e0194c46c","item/Title":"@triggerOutputs()?['body/Title']","item/Description":"@triggerOutputs()?['body/Description']","item/PostUrl":"@triggerOutputs()?['body/OData__OriginalSourceUrl']","item/PublishedDate":"@triggerOutputs()?['body/Created']","item/ImageUrl":"@variables('imgVal')"},"authentication":"@parameters('$authentication')"}},"Compose_Query_Params":{"runAfter":{},"metadata":{"operationMetadataId":"7c833682-b8a1-4a80-b0cf-c5f911300649"},"type":"Compose","inputs":"@split(substring(uriQuery(triggerOutputs()?['body/BannerImageUrl']), 1), '&')"},"Apply_to_each":{"foreach":"@outputs('Compose_Query_Params')","actions":{"Set_variable_guidSite":{"runAfter":{},"metadata":{"operationMetadataId":"9c0438e3-90fa-4a23-93be-db6edb0efd1a"},"type":"SetVariable","inputs":{"name":"guidSite","value":"@{replace(outputs('Compose_Query_Params')[0],'guidSite=','')}"}},"Set_variable_guidWeb":{"runAfter":{"Set_variable_guidSite":["Succeeded"]},"metadata":{"operationMetadataId":"375c4610-c000-490d-b887-68a15d53ba5a"},"type":"SetVariable","inputs":{"name":"guidWeb","value":"@{replace(outputs('Compose_Query_Params')[1],'guidWeb=','')}"}},"Set_variable_guidFile":{"runAfter":{"Set_variable_guidWeb":["Succeeded"]},"metadata":{"operationMetadataId":"5bb5d423-833f-4214-a277-c1aee9c28847"},"type":"SetVariable","inputs":{"name":"guidFile","value":"@{replace(outputs('Compose_Query_Params')[2],'guidFile=','')}"}}},"runAfter":{"Compose_Query_Params":["Succeeded"]},"metadata":{"operationMetadataId":"9d732c85-0348-413d-a88b-e56d9c605b60"},"type":"Foreach"},"Compose_image_url":{"runAfter":{"Apply_to_each":["Succeeded"]},"metadata":{"operationMetadataId":"b3fc3566-402f-4d51-a8f1-1a016225b204"},"type":"Compose","inputs":"@concat('https://aginvestment.sharepoint.com/_api/v2.1/sites/aginvestment.sharepoint.com', ',', variables('guidSite'), ',', variables('guidWeb'), '/items/', variables('guidFile'), '/driveItem/thumbnails/0/c400x99999/content?preferNoRedirect=true&prefer=extendCacheMaxAge&clientType=modernWebPart')"},"Set_variable":{"runAfter":{"Compose_image_url":["Succeeded"]},"metadata":{"operationMetadataId":"6cf12621-2646-4d93-892f-18e8887dd713"},"type":"SetVariable","inputs":{"name":"imgVal","value":"@{outputs('Compose_image_url')}"}}},"runAfter":{"Initialize_variable_guidFile":["Succeeded"]},"expression":{"equals":["@triggerOutputs()?['body/PromotedState']",2]},"metadata":{"operationMetadataId":"51c06b98-78a1-4084-be3c-dffd06c6bd3c"},"type":"If"},"Initialize_variable":{"runAfter":{},"metadata":{"operationMetadataId":"fb9ebac3-3ef4-4ab2-86dc-abe0475d1a2d"},"type":"InitializeVariable","inputs":{"variables":[{"name":"imgVal","type":"string"}]}},"Initialize_variable_guidSite":{"runAfter":{"Initialize_variable":["Succeeded"]},"metadata":{"operationMetadataId":"a546621e-81f5-40a0-b24b-d75a221c130e"},"type":"InitializeVariable","inputs":{"variables":[{"name":"guidSite","type":"string"}]}},"Initialize_variable_guidWeb":{"runAfter":{"Initialize_variable_guidSite":["Succeeded"]},"metadata":{"operationMetadataId":"1df6a437-7a4d-40e7-acdf-5a88251b4f38"},"type":"InitializeVariable","inputs":{"variables":[{"name":"guidWeb","type":"string"}]}},"Initialize_variable_guidFile":{"runAfter":{"Initialize_variable_guidWeb":["Succeeded"]},"metadata":{"operationMetadataId":"2ab4b6c7-f1ca-4c89-b9f6-63cb8b3324b2"},"type":"InitializeVariable","inputs":{"variables":[{"name":"guidFile","type":"string"}]}}}},"connectionReferences":{"shared_sharepointonline":{"connectionName":"shared-sharepointonl-11892d0b-4733-4458-a5b3-fffaf89ec246","source":"Embedded","id":"/providers/Microsoft.PowerApps/apis/shared_sharepointonline","tier":"NotSpecified"}},"flowFailureAlertSubscribed":false,"isManaged":false}}