<?xml version="1.0" encoding="utf-8"?><App xmlns="http://schemas.microsoft.com/sharepoint/2012/app/manifest" Name="agi-intranet-events-client-side-solution" ProductID="d9f11599-35f0-4b3c-a3d4-28cf97ac6114" Version="1.0.0.0" SharePointMinVersion="16.0.0.0" IsClientSideSolution="true" SkipFeatureDeployment="true" IsDomainIsolated="false"><Properties><Title>agi-intranet-events-client-side-solution</Title><DeveloperProperties>{&quot;name&quot;:&quot;&quot;,&quot;websiteUrl&quot;:&quot;&quot;,&quot;privacyUrl&quot;:&quot;&quot;,&quot;termsOfUseUrl&quot;:&quot;&quot;,&quot;mpnId&quot;:&quot;Undefined-1.14.0&quot;}</DeveloperProperties><ShortDescription><LocalizedString CultureName="default">AgiIntranetEvents description</LocalizedString></ShortDescription><LongDescription><LocalizedString CultureName="default">AgiIntranetEvents description</LocalizedString></LongDescription><Screenshots></Screenshots></Properties></App>