{"name":"18e856b0-5575-4525-92c9-db7d2be5977a","id":"/providers/Microsoft.Flow/flows/18e856b0-5575-4525-92c9-db7d2be5977a","type":"Microsoft.Flow/flows","properties":{"apiId":"/providers/Microsoft.PowerApps/apis/shared_logicflows","displayName":"AGI - DEV - INTRANET - Create or Modify Announcements","definition":{"metadata":{"workflowEntityId":null,"processAdvisorMetadata":null,"flowclientsuspensionreason":"None","flowclientsuspensiontime":null,"flowclientsuspensionreasondetails":null,"creator":{"id":"815462aa-aae8-42f8-b1cf-76e1d01cc236","type":"User","tenantId":"38a3f678-5fe7-4dbb-8eb9-eee7a0c6fd57"},"provisioningMethod":"FromDefinition","failureAlertSubscription":true,"clientLastModifiedTime":"2022-10-19T06:03:45.4687284Z"},"$schema":"https://schema.management.azure.com/providers/Microsoft.Logic/schemas/2016-06-01/workflowdefinition.json#","contentVersion":"1.0.0.0","parameters":{"$connections":{"defaultValue":{},"type":"Object"},"$authentication":{"defaultValue":{},"type":"SecureObject"}},"triggers":{"When_an_item_is_created_or_modified":{"recurrence":{"frequency":"Minute","interval":1},"splitOn":"@triggerOutputs()?['body/value']","metadata":{"operationMetadataId":"98700f35-f293-44be-84db-c26a19ae591e"},"type":"OpenApiConnection","inputs":{"host":{"apiId":"/providers/Microsoft.PowerApps/apis/shared_sharepointonline","connectionName":"shared_sharepointonline","operationId":"GetOnUpdatedItems"},"parameters":{"dataset":"https://aginvestment.sharepoint.com/sites/AGIIntranetDev","table":"b192a77f-343b-4c4c-8667-e132cda73e83"},"authentication":"@parameters('$authentication')"}}},"actions":{"Created":{"runAfter":{"Initialize_variable":["Succeeded"]},"metadata":{"operationMetadataId":"a2c6e2ee-425d-4689-a1b5-817629c6685e"},"type":"InitializeVariable","inputs":{"variables":[{"name":"Created","type":"string","value":"@{formatDateTime(triggerOutputs()?['body/Created'],'yyyy-MM-ddTHH:mm')}"}]}},"Modified":{"runAfter":{"Created":["Succeeded"]},"metadata":{"operationMetadataId":"bc9dbb44-1412-4422-a785-6ad7a7a0a890"},"type":"InitializeVariable","inputs":{"variables":[{"name":"Modified","type":"string","value":"@{formatDateTime(triggerOutputs()?['body/Modified'],'yyyy-MM-ddTHH:mm')}"}]}},"Condition":{"actions":{"Create_item":{"runAfter":{},"metadata":{"operationMetadataId":"d1a388be-1d0a-4244-9695-8acec3a37db8"},"type":"OpenApiConnection","inputs":{"host":{"apiId":"/providers/Microsoft.PowerApps/apis/shared_sharepointonline","connectionName":"shared_sharepointonline","operationId":"PostItem"},"parameters":{"dataset":"https://aginvestment.sharepoint.com/sites/AGIIntranetDev","table":"Events","item/Title":"@triggerOutputs()?['body/Title']","item/EventDate":"@triggerOutputs()?['body/PublishedDate']","item/EndDate":"@triggerOutputs()?['body/PublishedDate']","item/Location":"@triggerOutputs()?['body/Location']","item/EventTypeKey":"Announcement@{triggerOutputs()?['body/ID']}","item/Category/Value":"Announcement"},"authentication":"@parameters('$authentication')"}}},"runAfter":{"Modified":["Succeeded"]},"else":{"actions":{"Get_items":{"runAfter":{},"metadata":{"operationMetadataId":"790d89df-f560-4c95-a58a-6d053a599115"},"type":"OpenApiConnection","inputs":{"host":{"apiId":"/providers/Microsoft.PowerApps/apis/shared_sharepointonline","connectionName":"shared_sharepointonline","operationId":"GetItems"},"parameters":{"dataset":"https://aginvestment.sharepoint.com/sites/AGIIntranetDev","table":"Events","$filter":"EventTypeKey eq 'Announcement@{triggerOutputs()?['body/ID']}'","$top":1},"authentication":"@parameters('$authentication')"}},"Condition_2":{"actions":{"Set_variable":{"runAfter":{},"metadata":{"operationMetadataId":"5c19f38e-a125-4575-a465-38cac958423a"},"type":"SetVariable","inputs":{"name":"eventId","value":"@if(empty(outputs('Get_items')?['body/value']),0,first(body('Get_items')?['value'])?['ID'])"}},"Update_item":{"runAfter":{"Set_variable":["Succeeded"]},"metadata":{"operationMetadataId":"b92b3b43-53cc-4fc0-b9f8-233d58f581ec"},"type":"OpenApiConnection","inputs":{"host":{"apiId":"/providers/Microsoft.PowerApps/apis/shared_sharepointonline","connectionName":"shared_sharepointonline","operationId":"PatchItem"},"parameters":{"dataset":"https://aginvestment.sharepoint.com/sites/AGIIntranetDev","table":"Events","id":"@variables('eventId')","item/Title":"@triggerOutputs()?['body/Title']","item/EventDate":"@triggerOutputs()?['body/PublishedDate']","item/EndDate":"@triggerOutputs()?['body/PublishedDate']","item/Location":"@triggerOutputs()?['body/Location']","item/Category/Value":"Announcement"},"authentication":"@parameters('$authentication')"}}},"runAfter":{"Get_items":["Succeeded"]},"expression":{"equals":["@length(outputs('Get_items')?['body/value'])",1]},"metadata":{"operationMetadataId":"ceee0da4-b2ec-4901-87ac-e4eba00d8de8"},"type":"If"}}},"expression":{"equals":["@variables('Modified')","@variables('Created')"]},"metadata":{"operationMetadataId":"14c47a40-4e27-498b-a4ba-d892eae86b66"},"type":"If"},"Initialize_variable":{"runAfter":{},"metadata":{"operationMetadataId":"7146a2e4-6ebf-4dcc-8fa7-4a4101ac526b"},"type":"InitializeVariable","inputs":{"variables":[{"name":"eventId","type":"integer"}]}}}},"connectionReferences":{"shared_sharepointonline":{"connectionName":"shared-sharepointonl-11892d0b-4733-4458-a5b3-fffaf89ec246","source":"Embedded","id":"/providers/Microsoft.PowerApps/apis/shared_sharepointonline","tier":"NotSpecified"}},"flowFailureAlertSubscribed":false,"isManaged":false}}