{"name":"9312be80-53fc-4f36-8d98-58a1f6364cec","id":"/providers/Microsoft.Flow/flows/9312be80-53fc-4f36-8d98-58a1f6364cec","type":"Microsoft.Flow/flows","properties":{"apiId":"/providers/Microsoft.PowerApps/apis/shared_logicflows","displayName":"AGI - UAT - INTRANET - Archive Responses - V1.0","definition":{"metadata":{"workflowEntityId":null,"processAdvisorMetadata":null,"flowclientsuspensionreason":"None","flowclientsuspensiontime":null,"flowclientsuspensionreasondetails":null,"creator":{"id":"815462aa-aae8-42f8-b1cf-76e1d01cc236","type":"User","tenantId":"38a3f678-5fe7-4dbb-8eb9-eee7a0c6fd57"},"provisioningMethod":"FromDefinition","failureAlertSubscription":true,"clientLastModifiedTime":"2022-11-01T05:34:31.2784679Z"},"$schema":"https://schema.management.azure.com/providers/Microsoft.Logic/schemas/2016-06-01/workflowdefinition.json#","contentVersion":"1.0.0.0","parameters":{"$connections":{"defaultValue":{},"type":"Object"},"$authentication":{"defaultValue":{},"type":"SecureObject"}},"triggers":{"When_an_item_is_created":{"recurrence":{"frequency":"Minute","interval":1},"splitOn":"@triggerOutputs()?['body/value']","metadata":{"operationMetadataId":"71094631-f6bb-480d-96ac-91a8a00e9115"},"type":"OpenApiConnection","inputs":{"host":{"apiId":"/providers/Microsoft.PowerApps/apis/shared_sharepointonline","connectionName":"shared_sharepointonline","operationId":"GetOnNewItems"},"parameters":{"dataset":"https://aginvestment.sharepoint.com/sites/AGIIntranetUAT","table":"3454df55-2e31-4e33-ad0b-585c1581fca6"},"authentication":"@parameters('$authentication')"}}},"actions":{"Initialize_variable":{"runAfter":{"Initialize_variable:_User_Email":["Succeeded"]},"metadata":{"operationMetadataId":"a8b1f276-df5c-4d21-909e-7095370a2ce8"},"type":"InitializeVariable","inputs":{"variables":[{"name":"questionId","type":"integer"}]}},"Initialize_variable:_User_Email":{"runAfter":{},"metadata":{"operationMetadataId":"3e092e7c-2149-40d3-8ac4-c768ac241069"},"type":"InitializeVariable","inputs":{"variables":[{"name":"UserEmail","type":"string","value":"@triggerOutputs()?['body/Title']"}]}},"Get_items":{"runAfter":{"Initialize_variable":["Succeeded"]},"metadata":{"operationMetadataId":"ad20b933-cded-4cca-8a83-5e85ed1c6843"},"type":"OpenApiConnection","inputs":{"host":{"apiId":"/providers/Microsoft.PowerApps/apis/shared_sharepointonline","connectionName":"shared_sharepointonline","operationId":"GetItems"},"parameters":{"dataset":"https://aginvestment.sharepoint.com/sites/AGIIntranetUAT","table":"601bed63-de2e-4596-99d7-2187df3d17f1","folderPath":"@variables('UserEmail')","viewScopeOption":"RecursiveAll","$filter":"LatestResponse eq 0"},"authentication":"@parameters('$authentication')"}},"Apply_to_each":{"foreach":"@outputs('Get_items')?['body/value']","actions":{"Set_variable":{"runAfter":{},"metadata":{"operationMetadataId":"8b38272d-7fc7-424c-be6b-44bf681088bc"},"type":"SetVariable","inputs":{"name":"questionId","value":"@int(items('Apply_to_each')?['Id'])"}},"Delete_item":{"runAfter":{"Set_variable":["Succeeded"]},"metadata":{"operationMetadataId":"e13841e7-0931-497b-8940-40bdceb9c003"},"type":"OpenApiConnection","inputs":{"host":{"apiId":"/providers/Microsoft.PowerApps/apis/shared_sharepointonline","connectionName":"shared_sharepointonline","operationId":"DeleteItem"},"parameters":{"dataset":"https://aginvestment.sharepoint.com/sites/AGIIntranetUAT","table":"601bed63-de2e-4596-99d7-2187df3d17f1","id":"@variables('questionId')"},"authentication":"@parameters('$authentication')"}},"Compose":{"runAfter":{"Delete_item":["Failed","Skipped","TimedOut"]},"metadata":{"operationMetadataId":"d60c31b7-0774-4bdf-9f2a-69f8a5c0c904"},"type":"Compose","inputs":"Item already deleted. ID:  @{variables('questionId')}"},"Add_a_row_into_a_table":{"runAfter":{"Compose":["Skipped"]},"metadata":{"01J4QHT5KYXI33H6YV6RBLUWSBBJBLO47O":"/QuizResponseArchive.xlsx","operationMetadataId":"d757f1ae-ff1a-4f9c-8eb0-19ac1e75b550","tableId":"{3FFD84DF-927C-464C-94FF-347368F62B4C}","01CH335MDR5PGD2EUJJRG23FPVVNXGQ4D2":"/QuizResponseArchive.xlsx"},"type":"OpenApiConnection","inputs":{"host":{"apiId":"/providers/Microsoft.PowerApps/apis/shared_excelonlinebusiness","connectionName":"shared_excelonlinebusiness","operationId":"AddRowV2"},"parameters":{"source":"sites/aginvestment.sharepoint.com,592fd4e1-04e7-45bf-b1cf-b6848cd46353,e202688d-b5b9-4302-a3e9-e18b7a029d4b","drive":"b!4dQvWecEv0Wxz7aEjNRjU41oAuK5tQJDo-nhi3oCnUujU88aXjqQQqI8wHNmJc3f","file":"01CH335MDR5PGD2EUJJRG23FPVVNXGQ4D2","table":"{3FFD84DF-927C-464C-94FF-347368F62B4C}","item/Id":"@items('Apply_to_each')?['ID']","item/Question":"@items('Apply_to_each')?['Title']","item/QuestionId":"@items('Apply_to_each')?['QuestionId']","item/Option":"@items('Apply_to_each')?['Option']","item/OptionId":"@items('Apply_to_each')?['OptionId']","item/UserEmail":"@items('Apply_to_each')?['UserEmail']","item/Userid":"@items('Apply_to_each')?['UserId']","item/Modified":"@items('Apply_to_each')?['Modified']"},"authentication":"@parameters('$authentication')"}}},"runAfter":{"Get_items":["Succeeded"]},"metadata":{"operationMetadataId":"60167ed8-162e-4daf-a59a-c6c42c8118d1"},"type":"Foreach"},"Delete_item_in_SurveyResponseEntries":{"runAfter":{"Apply_to_each":["Succeeded"]},"metadata":{"operationMetadataId":"8cf285be-5fa4-47e7-acf1-2b166f33a69b"},"type":"OpenApiConnection","inputs":{"host":{"apiId":"/providers/Microsoft.PowerApps/apis/shared_sharepointonline","connectionName":"shared_sharepointonline","operationId":"DeleteItem"},"parameters":{"dataset":"https://aginvestment.sharepoint.com/sites/AGIIntranetUAT","table":"3454df55-2e31-4e33-ad0b-585c1581fca6","id":"@triggerOutputs()?['body/ID']"},"authentication":"@parameters('$authentication')"}}}},"connectionReferences":{"shared_sharepointonline":{"connectionName":"shared-sharepointonl-11892d0b-4733-4458-a5b3-fffaf89ec246","source":"Embedded","id":"/providers/Microsoft.PowerApps/apis/shared_sharepointonline","tier":"NotSpecified"},"shared_excelonlinebusiness":{"connectionName":"shared-excelonlinebu-4ea43da3-c9bc-4f1b-8908-cb80c2106390","source":"Embedded","id":"/providers/Microsoft.PowerApps/apis/shared_excelonlinebusiness","tier":"NotSpecified"}},"flowFailureAlertSubscribed":false,"isManaged":false}}